{
    "SplitBy1998": {
        "accuracy": 0.5344827586206896,
        "YearReturnList": [
            1.1483521952829718,
            0.6095791970428575,
            1.5258755012148844,
            0.9488057200377896,
            1.367550883797898,
            1.0724428768706071,
            1.2168834584311594,
            1.2982738623864438,
            1.1825313229093184,
            0.5127765305800773,
            2.0781376226082093
        ],
        "特徵": [
            "市值(百萬元)",
            "股價淨值比",
            "股價營收比",
            "營業利益率OPM",
            "利潤邊際NPM",
            "M流動比率",
            "M速動比率",
            "M應收帳款週轉次",
            "M營業利益成長率",
            "M稅後淨利成長率"
        ],
        "特徵重要程度": [
            0.0,
            3.0,
            4.0,
            7.0,
            8.0,
            10.0,
            11.0,
            13.0,
            14.0,
            15.0
        ],
        "K值": 6
    },
    "SplitBy1999": {
        "accuracy": 0.5100171722953635,
        "YearReturnList": [
            0.6005874124261797,
            1.369779723842538,
            1.141649451637943,
            1.4315607829311094,
            1.1047323592236094,
            1.190877284965025,
            1.3522366886523876,
            1.1354306672307442,
            0.5684161591468708,
            2.2448101133940472
        ],
        "特徵": [
            "市值(百萬元)",
            "股價淨值比",
            "股價營收比",
            "M淨值報酬率─稅後",
            "利潤邊際NPM",
            "負債/淨值比",
            "M流動比率",
            "M營業利益成長率",
            "M稅後淨利成長率",
            "Return"
        ],
        "特徵重要程度": [
            0.0,
            3.0,
            4.0,
            5.0,
            8.0,
            9.0,
            10.0,
            14.0,
            15.0,
            16.0
        ],
        "K值": 10
    },
    "SplitBy2000": {
        "accuracy": 0.538558786346397,
        "YearReturnList": [
            1.3957544059487146,
            0.9253128951635738,
            1.3784423158015155,
            1.0951907680036346,
            1.1824715893489204,
            1.5413831854948958,
            1.1216101433124137,
            0.5221704507644495,
            2.134100307456697
        ],
        "特徵": [
            "市值(百萬元)",
            "股價淨值比",
            "營業利益率OPM",
            "利潤邊際NPM",
            "負債/淨值比",
            "M流動比率",
            "M速動比率",
            "M存貨週轉率 (次)",
            "M應收帳款週轉次",
            "M稅後淨利成長率"
        ],
        "特徵重要程度": [
            0.0,
            3.0,
            7.0,
            8.0,
            9.0,
            10.0,
            11.0,
            12.0,
            13.0,
            15.0
        ],
        "K值": 10
    },
    "SplitBy2001": {
        "accuracy": 0.5263157894736842,
        "YearReturnList": [
            1.0732286025391862,
            1.4956783411380443,
            1.0831518405405107,
            1.306763701833504,
            1.4207832444107993,
            1.2577320420724372,
            0.5229884771667818,
            2.1366388634108295
        ],
        "特徵": [
            "收盤價(元)_年",
            "股價淨值比",
            "M淨值報酬率─稅後",
            "資產報酬率ROA",
            "利潤邊際NPM",
            "負債/淨值比",
            "M流動比率",
            "M速動比率",
            "M稅後淨利成長率",
            "Return"
        ],
        "特徵重要程度": [
            1.0,
            3.0,
            5.0,
            6.0,
            8.0,
            9.0,
            10.0,
            11.0,
            15.0,
            16.0
        ],
        "K值": 2
    },
    "SplitBy2002": {
        "accuracy": 0.518578352180937,
        "YearReturnList": [
            1.4090425723887905,
            1.0900350652505093,
            1.30211688966782,
            1.377396534076759,
            1.1614068267082858,
            0.5242221354654911,
            2.1924350013002343
        ],
        "特徵": [
            "收盤價(元)_年",
            "股價淨值比",
            "股價營收比",
            "M淨值報酬率─稅後",
            "資產報酬率ROA",
            "營業利益率OPM",
            "利潤邊際NPM",
            "M存貨週轉率 (次)",
            "M應收帳款週轉次",
            "M營業利益成長率"
        ],
        "特徵重要程度": [
            1.0,
            3.0,
            4.0,
            5.0,
            6.0,
            7.0,
            8.0,
            12.0,
            13.0,
            14.0
        ],
        "K值": 10
    },
    "SplitBy2003": {
        "accuracy": 0.4853358561967833,
        "YearReturnList": [
            1.082836402903829,
            1.223248452483903,
            1.383502189859732,
            1.1673823972468236,
            0.5037149915062672,
            2.1033180921967896
        ],
        "特徵": [
            "市值(百萬元)",
            "收盤價(元)_年",
            "股價淨值比",
            "M淨值報酬率─稅後",
            "M流動比率",
            "M速動比率",
            "M應收帳款週轉次",
            "M營業利益成長率",
            "M稅後淨利成長率",
            "Return"
        ],
        "特徵重要程度": [
            0.0,
            1.0,
            3.0,
            5.0,
            10.0,
            11.0,
            13.0,
            14.0,
            15.0,
            16.0
        ],
        "K值": 4
    },
    "SplitBy2004": {
        "accuracy": 0.4948571428571429,
        "YearReturnList": [
            1.2706724481683747,
            1.5081035875951143,
            1.0910603350322297,
            0.531645617993063,
            2.09202754708866
        ],
        "特徵": [
            "市值(百萬元)",
            "收盤價(元)_年",
            "股價營收比",
            "M淨值報酬率─稅後",
            "資產報酬率ROA",
            "營業利益率OPM",
            "負債/淨值比",
            "M流動比率",
            "M速動比率",
            "M應收帳款週轉次"
        ],
        "特徵重要程度": [
            0.0,
            1.0,
            4.0,
            5.0,
            6.0,
            7.0,
            9.0,
            10.0,
            11.0,
            13.0
        ],
        "K值": 10
    },
    "SplitBy2005": {
        "accuracy": 0.48345323741007196,
        "YearReturnList": [
            0.5370055183240212,
            2.057912472135479,
            1.3141284526033168,
            1.1307431805982944
        ],
        "特徵": [
            "市值(百萬元)",
            "收盤價(元)_年",
            "股價淨值比",
            "利潤邊際NPM",
            "負債/淨值比",
            "M流動比率",
            "M應收帳款週轉次",
            "M營業利益成長率",
            "M稅後淨利成長率",
            "Return"
        ],
        "特徵重要程度": [
            0.0,
            1.0,
            3.0,
            8.0,
            9.0,
            10.0,
            13.0,
            14.0,
            15.0,
            16.0
        ],
        "K值": 6
    },
    "SplitBy2006": {
        "accuracy": 0.5303030303030303,
        "YearReturnList": [
            0.513506162259681,
            2.0314906988711363,
            1.1493606263632463
        ],
        "特徵": [
            "收盤價(元)_年",
            "股價淨值比",
            "營業利益率OPM",
            "利潤邊際NPM",
            "負債/淨值比",
            "M速動比率",
            "M存貨週轉率 (次)",
            "M應收帳款週轉次",
            "M營業利益成長率",
            "Return"
        ],
        "特徵重要程度": [
            1.0,
            3.0,
            7.0,
            8.0,
            9.0,
            11.0,
            12.0,
            13.0,
            14.0,
            16.0
        ],
        "K值": 6
    },
    "SplitBy2007": {
        "accuracy": 0.5072463768115942,
        "YearReturnList": [
            0.5055745740543621,
            2.088993908493732
        ],
        "特徵": [
            "市值(百萬元)",
            "收盤價(元)_年",
            "股價淨值比",
            "股價營收比",
            "M淨值報酬率─稅後",
            "M速動比率",
            "M應收帳款週轉次",
            "M營業利益成長率",
            "M稅後淨利成長率",
            "Return"
        ],
        "特徵重要程度": [
            0.0,
            1.0,
            3.0,
            4.0,
            5.0,
            11.0,
            13.0,
            14.0,
            15.0,
            16.0
        ],
        "K值": 2
    },
    "SplitBy2008": {
        "accuracy": 0.49404761904761907,