{
    "SplitBy1998": {
        "accuracy": 0.49895506792058514,
        "YearReturnList": [
            1.3551820883443482,
            0.5925258811397504,
            1.3773445849865307,
            1.0037391755078096,
            1.3428099653782002,
            1.0505845519739019,
            1.1551718621112004,
            1.3095625319702437,
            1.175821221775218,
            0.4922774185058693,
            2.1774552759230694
        ],
        "特徵": [
            "市值(百萬元)",
            "本益比",
            "股價營收比",
            "負債/淨值比",
            "M流動比率",
            "M速動比率",
            "M存貨週轉率 (次)",
            "M應收帳款週轉次",
            "M營業利益成長率",
            "M稅後淨利成長率"
        ],
        "特徵重要程度": [
            0.0,
            2.0,
            4.0,
            9.0,
            10.0,
            11.0,
            12.0,
            13.0,
            14.0,
            15.0
        ],
        "K值": 9
    },
    "SplitBy1999": {
        "accuracy": 0.4997137950772753,
        "YearReturnList": [
            0.6228188444689912,
            1.2518230783885582,
            1.0616200329239485,
            1.321704095475221,
            1.064175111854769,
            1.1957640278456683,
            1.3842745622963002,
            1.1147855964743971,
            0.5211773066325214,
            2.1333232131512725
        ],
        "特徵": [
            "市值(百萬元)",
            "股價營收比",
            "M淨值報酬率─稅後",
            "營業利益率OPM",
            "利潤邊際NPM",
            "負債/淨值比",
            "M流動比率",
            "M速動比率",
            "M應收帳款週轉次",
            "M稅後淨利成長率"
        ],
        "特徵重要程度": [
            0.0,
            4.0,
            5.0,
            7.0,
            8.0,
            9.0,
            10.0,
            11.0,
            13.0,
            15.0
        ],
        "K值": 2
    },
    "SplitBy2000": {
        "accuracy": 0.5120101137800253,
        "YearReturnList": [
            1.5970901664163553,
            1.0621961427461748,
            1.3282328308821185,
            1.0973486080763561,
            1.1875046536359892,
            1.2911253329533228,
            1.0622107299989618,
            0.5570498884056373,
            2.086970462502363
        ],
        "特徵": [
            "市值(百萬元)",
            "本益比",
            "股價營收比",
            "M淨值報酬率─稅後",
            "資產報酬率ROA",
            "負債/淨值比",
            "M流動比率",
            "M存貨週轉率 (次)",
            "M應收帳款週轉次",
            "Return"
        ],
        "特徵重要程度": [
            0.0,
            2.0,
            4.0,
            5.0,
            6.0,
            9.0,
            10.0,
            12.0,
            13.0,
            16.0
        ],
        "K值": 8
    },
    "SplitBy2001": {
        "accuracy": 0.4992887624466572,
        "YearReturnList": [
            0.9519977365568136,
            1.329969834290901,
            1.0447091549692105,
            1.2375449491384274,
            1.3177059629530583,
            1.080425579330909,
            0.5399052467184748,
            2.12882881358251
        ],
        "特徵": [
            "市值(百萬元)",
            "本益比",
            "股價淨值比",
            "股價營收比",
            "負債/淨值比",
            "M流動比率",
            "M速動比率",
            "M應收帳款週轉次",
            "M營業利益成長率",
            "M稅後淨利成長率"
        ],
        "特徵重要程度": [
            0.0,
            2.0,
            3.0,
            4.0,
            9.0,
            10.0,
            11.0,
            13.0,
            14.0,
            15.0
        ],
        "K值": 2
    },
    "SplitBy2002": {
        "accuracy": 0.5016155088852988,
        "YearReturnList": [
            1.3321589319204061,
            1.073086436346677,
            1.2532245520351217,
            1.3834260176501032,
            1.1031335271644704,
            0.5368073422212288,
            2.171435499896236
        ],
        "特徵": [
            "市值(百萬元)",
            "本益比",
            "股價營收比",
            "營業利益率OPM",
            "利潤邊際NPM",
            "負債/淨值比",
            "M流動比率",
            "M速動比率",
            "M應收帳款週轉次",
            "M稅後淨利成長率"
        ],
        "特徵重要程度": [
            0.0,
            2.0,
            4.0,
            7.0,
            8.0,
            9.0,
            10.0,
            11.0,
            13.0,
            15.0
        ],
        "K值": 2
    },
    "SplitBy2003": {
        "accuracy": 0.5298013245033113,
        "YearReturnList": [
            1.0637665478869938,
            1.2314755870525098,
            1.2875888730648044,
            1.1402872394592045,
            0.5284553542175242,
            2.1779069652875203
        ],
        "特徵": [
            "市值(百萬元)",
            "收盤價(元)_年",
            "本益比",
            "股價淨值比",
            "股價營收比",
            "利潤邊際NPM",
            "M流動比率",
            "M速動比率",
            "M應收帳款週轉次",
            "M稅後淨利成長率"
        ],
        "特徵重要程度": [
            0.0,
            1.0,
            2.0,
            3.0,
            4.0,
            8.0,
            10.0,
            11.0,
            13.0,
            15.0
        ],
        "K值": 2
    },
    "SplitBy2004": {
        "accuracy": 0.504,
        "YearReturnList": [
            1.1624432841701333,
            1.3233055295353453,
            1.1214420434905055,
            0.5104235769961513,
            1.97054627166506
        ],
        "特徵": [
            "收盤價(元)_年",
            "本益比",
            "股價淨值比",
            "股價營收比",
            "利潤邊際NPM",
            "M流動比率",
            "M存貨週轉率 (次)",
            "M營業利益成長率",
            "M稅後淨利成長率",
            "Return"
        ],
        "特徵重要程度": [
            1.0,
            2.0,
            3.0,
            4.0,
            8.0,
            10.0,
            12.0,
            14.0,
            15.0,
            16.0
        ],
        "K值": 4
    },
    "SplitBy2005": {
        "accuracy": 0.5136690647482014,
        "YearReturnList": [
            0.5352905661129204,
            2.1229606745071656,
            1.3927734132156386,
            1.1132162358222017
        ],
        "特徵": [
            "收盤價(元)_年",
            "股價營收比",
            "利潤邊際NPM",
            "負債/淨值比",
            "M速動比率",
            "M存貨週轉率 (次)",
            "M應收帳款週轉次",
            "M營業利益成長率",
            "M稅後淨利成長率",
            "Return"
        ],
        "特徵重要程度": [
            1.0,
            4.0,
            8.0,
            9.0,
            11.0,
            12.0,
            13.0,
            14.0,
            15.0,
            16.0
        ],
        "K值": 4
    },
    "SplitBy2006": {
        "accuracy": 0.5246212121212122,
        "YearReturnList": [
            0.5347484724610682,
            2.112297956258987,
            1.177662714556949
        ],
        "特徵": [
            "市值(百萬元)",
            "收盤價(元)_年",
            "本益比",
            "M淨值報酬率─稅後",
            "負債/淨值比",
            "M流動比率",
            "M應收帳款週轉次",
            "M營業利益成長率",
            "M稅後淨利成長率",
            "Return"
        ],
        "特徵重要程度": [
            0.0,
            1.0,
            2.0,
            5.0,
            9.0,
            10.0,
            13.0,
            14.0,
            15.0,
            16.0
        ],
        "K值": 8
    },
    "SplitBy2007": {
        "accuracy": 0.5768115942028985,
        "YearReturnList": [
            0.5514170203143748,
            2.1094635391482273
        ],
        "特徵": [
            "市值(百萬元)",
            "本益比",
            "股價淨值比",
            "利潤邊際NPM",
            "負債/淨值比",
            "M流動比率",
            "M應收帳款週轉次",
            "M營業利益成長率",
            "M稅後淨利成長率",
            "Return"
        ],
        "特徵重要程度": [
            0.0,
            2.0,
            3.0,
            8.0,
            9.0,
            10.0,
            13.0,
            14.0,
            15.0,
            16.0
        ],
        "K值": 8
    },
    "SplitBy2008": {
        "accuracy": 0.5535714285714286,
        "YearReturnList": [
            2.146105987658027
        ],