{
    "SplitBy1998": {
        "accuracy": 0.593521421107628,
        "YearReturnList": [
            1.4020868806510742,
            0.6433268220577731,
            1.3402151638194977,
            1.1505690454709894,
            1.2614399504618232,
            1.0080963259780216,
            1.0101269527059062,
            1.2789657274511632,
            1.1504832556889806,
            0.44309300439186544,
            1.9507297142252904
        ],
        "特徵": [
            "市值(百萬元)",
            "股價淨值比",
            "M淨值報酬率─稅後",
            "負債/淨值比",
            "M流動比率",
            "M速動比率",
            "M應收帳款週轉次",
            "M營業利益成長率",
            "M稅後淨利成長率",
            "Return"
        ],
        "特徵重要程度": [
            0.0,
            3.0,
            5.0,
            9.0,
            10.0,
            11.0,
            13.0,
            14.0,
            15.0,
            16.0
        ],
        "K值": 6
    },
    "SplitBy1999": {
        "accuracy": 0.5764167143674871,
        "YearReturnList": [
            0.6237554190659863,
            1.4454719141429606,
            0.9538316882162967,
            1.2973583186359015,
            1.0414230670824407,
            1.0302881264648407,
            1.3057481022004505,
            1.0829368504515011,
            0.48105724103939684,
            1.9844714266626682
        ],
        "特徵": [
            "市值(百萬元)",
            "收盤價(元)_年",
            "股價營收比",
            "M淨值報酬率─稅後",
            "營業利益率OPM",
            "M速動比率",
            "M應收帳款週轉次",
            "M營業利益成長率",
            "M稅後淨利成長率",
            "Return"
        ],
        "特徵重要程度": [
            0.0,
            1.0,
            4.0,
            5.0,
            7.0,
            11.0,
            13.0,
            14.0,
            15.0,
            16.0
        ],
        "K值": 6
    },
    "SplitBy2000": {
        "accuracy": 0.5878634639696586,
        "YearReturnList": [
            1.2921922717157694,
            0.7391181773810059,
            1.3543976939508462,
            1.0893694978894233,
            1.3415246621592103,
            1.3254310081199885,
            1.1506560441830622,
            0.5451820433934964,
            2.097330303353716
        ],
        "特徵": [
            "本益比",
            "股價淨值比",
            "股價營收比",
            "M淨值報酬率─稅後",
            "營業利益率OPM",
            "利潤邊際NPM",
            "負債/淨值比",
            "M存貨週轉率 (次)",
            "M應收帳款週轉次",
            "M營業利益成長率"
        ],
        "特徵重要程度": [
            2.0,
            3.0,
            4.0,
            5.0,
            7.0,
            8.0,
            9.0,
            12.0,
            13.0,
            14.0
        ],
        "K值": 6
    },
    "SplitBy2001": {
        "accuracy": 0.5718349928876245,
        "YearReturnList": [
            0.8445652976504227,
            1.2773345051207536,
            1.0710256735476609,
            1.2067917964691919,
            1.2868939564416337,
            1.0620577999475735,
            0.4970901037350507,
            2.1459048392739235
        ],
        "特徵": [
            "市值(百萬元)",
            "股價營收比",
            "營業利益率OPM",
            "利潤邊際NPM",
            "負債/淨值比",
            "M速動比率",
            "M存貨週轉率 (次)",
            "M應收帳款週轉次",
            "M營業利益成長率",
            "M稅後淨利成長率"
        ],
        "特徵重要程度": [
            0.0,
            4.0,
            7.0,
            8.0,
            9.0,
            11.0,
            12.0,
            13.0,
            14.0,
            15.0
        ],
        "K值": 10
    },
    "SplitBy2002": {
        "accuracy": 0.5678513731825525,
        "YearReturnList": [
            1.2735668299336342,
            1.0361842031799915,
            1.4010201337388688,
            1.3911125209272586,
            1.1154107325234928,
            0.5112519102852224,
            2.143122261069382
        ],
        "特徵": [
            "本益比",
            "M淨值報酬率─稅後",
            "營業利益率OPM",
            "利潤邊際NPM",
            "負債/淨值比",
            "M流動比率",
            "M速動比率",
            "M存貨週轉率 (次)",
            "M應收帳款週轉次",
            "M營業利益成長率"
        ],
        "特徵重要程度": [
            2.0,
            5.0,
            7.0,
            8.0,
            9.0,
            10.0,
            11.0,
            12.0,
            13.0,
            14.0
        ],
        "K值": 10
    },
    "SplitBy2003": {
        "accuracy": 0.5704824976348155,
        "YearReturnList": [
            1.034358236360047,
            1.1521812161561304,
            1.3358858711726258,
            1.0930142041133422,
            0.5384444242835383,
            2.028657397262159
        ],
        "特徵": [
            "市值(百萬元)",
            "股價營收比",
            "M淨值報酬率─稅後",
            "營業利益率OPM",
            "利潤邊際NPM",
            "M速動比率",
            "M應收帳款週轉次",
            "M營業利益成長率",
            "M稅後淨利成長率",
            "Return"
        ],
        "特徵重要程度": [
            0.0,
            4.0,
            5.0,
            7.0,
            8.0,
            11.0,
            13.0,
            14.0,
            15.0,
            16.0
        ],
        "K值": 10
    },
    "SplitBy2004": {
        "accuracy": 0.5462857142857143,
        "YearReturnList": [
            1.1055034404946316,
            1.2374485536852213,
            1.1200810183951124,
            0.5310045568869792,
            1.9764075122029112
        ],
        "特徵": [
            "本益比",
            "股價淨值比",
            "股價營收比",
            "營業利益率OPM",
            "M流動比率",
            "M速動比率",
            "M應收帳款週轉次",
            "M營業利益成長率",
            "M稅後淨利成長率",
            "Return"
        ],
        "特徵重要程度": [
            2.0,
            3.0,
            4.0,
            7.0,
            10.0,
            11.0,
            13.0,
            14.0,
            15.0,
            16.0
        ],
        "K值": 10
    },
    "SplitBy2005": {
        "accuracy": 0.5654676258992806,
        "YearReturnList": [
            0.5357038869999731,
            1.8991702680700204,
            1.380150480974367,
            1.1918868190085736
        ],
        "特徵": [
            "市值(百萬元)",
            "收盤價(元)_年",
            "本益比",
            "股價淨值比",
            "營業利益率OPM",
            "M流動比率",
            "M速動比率",
            "M應收帳款週轉次",
            "M營業利益成長率",
            "M稅後淨利成長率"
        ],
        "特徵重要程度": [
            0.0,
            1.0,
            2.0,
            3.0,
            7.0,
            10.0,
            11.0,
            13.0,
            14.0,
            15.0
        ],
        "K值": 8
    },
    "SplitBy2006": {
        "accuracy": 0.5681818181818182,
        "YearReturnList": [
            0.49795409716587885,
            1.947239096851311,
            1.2031517462444445
        ],
        "特徵": [
            "市值(百萬元)",
            "本益比",
            "股價淨值比",
            "股價營收比",
            "M淨值報酬率─稅後",
            "資產報酬率ROA",
            "M流動比率",
            "M速動比率",
            "M應收帳款週轉次",
            "M稅後淨利成長率"
        ],
        "特徵重要程度": [
            0.0,
            2.0,
            3.0,
            4.0,
            5.0,
            6.0,
            10.0,
            11.0,
            13.0,
            15.0
        ],
        "K值": 10
    },
    "SplitBy2007": {
        "accuracy": 0.5623188405797102,
        "YearReturnList": [
            0.5019397607954017,
            2.042175540944575
        ],
        "特徵": [
            "市值(百萬元)",
            "本益比",
            "股價淨值比",
            "股價營收比",
            "負債/淨值比",
            "M流動比率",
            "M應收帳款週轉次",
            "M營業利益成長率",
            "M稅後淨利成長率",
            "Return"
        ],
        "特徵重要程度": [
            0.0,
            2.0,
            3.0,
            4.0,
            9.0,
            10.0,
            13.0,
            14.0,
            15.0,
            16.0
        ],
        "K值": 10
    },
    "SplitBy2008": {
        "accuracy": 0.5714285714285714,