{
    "SplitBy1998": {
        "accuracy": 0.5982236154649948,
        "YearReturnList": [
            1.2112000603943458,
            0.7505602595864123,
            1.2408272845586603,
            1.129583432292464,
            1.4744947800069308,
            1.2711013090702128,
            1.3131155628109568,
            1.2876545354941131,
            1.1046717641813635,
            0.7356918841769814,
            1.7152264817970424
        ],
        "特徵": [
            "市值(百萬元)",
            "收盤價(元)_年",
            "股價淨值比",
            "股價營收比",
            "利潤邊際NPM",
            "負債/淨值比",
            "M速動比率",
            "M應收帳款週轉次",
            "M營業利益成長率",
            "Return"
        ],
        "特徵重要程度": [
            0.0,
            1.0,
            3.0,
            4.0,
            8.0,
            9.0,
            11.0,
            13.0,
            14.0,
            16.0
        ],
        "K值": 10
    },
    "SplitBy1999": {
        "accuracy": 0.5735546651402404,
        "YearReturnList": [
            0.6537743142392044,
            1.4705535337418458,
            1.1266564014802138,
            1.4219038941873645,
            1.1906896614200664,
            1.3046028886166097,
            1.5013418204065099,
            1.3099545547771516,
            0.5501089458112395,
            2.061695982766226
        ],
        "特徵": [
            "市值(百萬元)",
            "收盤價(元)_年",
            "股價淨值比",
            "股價營收比",
            "營業利益率OPM",
            "M流動比率",
            "M存貨週轉率 (次)",
            "M應收帳款週轉次",
            "M營業利益成長率",
            "M稅後淨利成長率"
        ],
        "特徵重要程度": [
            0.0,
            1.0,
            3.0,
            4.0,
            7.0,
            10.0,
            12.0,
            13.0,
            14.0,
            15.0
        ],
        "K值": 10
    },
    "SplitBy2000": {
        "accuracy": 0.5796460176991151,
        "YearReturnList": [
            1.4263015997422572,
            1.195314385894949,
            1.344165442901021,
            1.0335287420432249,
            1.2819874448265656,
            1.3497668721688563,
            1.207210312824925,
            0.5163170333192998,
            2.2959843613742095
        ],
        "特徵": [
            "市值(百萬元)",
            "收盤價(元)_年",
            "股價營收比",
            "營業利益率OPM",
            "負債/淨值比",
            "M流動比率",
            "M存貨週轉率 (次)",
            "M應收帳款週轉次",
            "M營業利益成長率",
            "Return"
        ],
        "特徵重要程度": [
            0.0,
            1.0,
            4.0,
            7.0,
            9.0,
            10.0,
            12.0,
            13.0,
            14.0,
            16.0
        ],
        "K值": 2
    },
    "SplitBy2001": {
        "accuracy": 0.5796586059743954,
        "YearReturnList": [
            1.0044450641909306,
            1.3948621396630594,
            1.1518494239351726,
            1.2411614653498488,
            1.4016125256586447,
            1.2134514339526539,
            0.5227818118502205,
            2.2919721582819332
        ],
        "特徵": [
            "市值(百萬元)",
            "股價淨值比",
            "股價營收比",
            "營業利益率OPM",
            "利潤邊際NPM",
            "負債/淨值比",
            "M流動比率",
            "M存貨週轉率 (次)",
            "M應收帳款週轉次",
            "M稅後淨利成長率"
        ],
        "特徵重要程度": [
            0.0,
            3.0,
            4.0,
            7.0,
            8.0,
            9.0,
            10.0,
            12.0,
            13.0,
            15.0
        ],
        "K值": 2
    },
    "SplitBy2002": {
        "accuracy": 0.5726978998384491,
        "YearReturnList": [
            1.3419504976139711,
            1.0974928996671525,
            1.3712366464283012,
            1.256704921230108,
            1.2094527588720065,
            0.5823355222458456,
            2.349918167876751
        ],
        "特徵": [
            "市值(百萬元)",
            "收盤價(元)_年",
            "股價淨值比",
            "股價營收比",
            "負債/淨值比",
            "M流動比率",
            "M存貨週轉率 (次)",
            "M營業利益成長率",
            "M稅後淨利成長率",
            "Return"
        ],
        "特徵重要程度": [
            0.0,
            1.0,
            3.0,
            4.0,
            9.0,
            10.0,
            12.0,
            14.0,
            15.0,
            16.0
        ],
        "K值": 2
    },
    "SplitBy2003": {
        "accuracy": 0.5903500473036897,
        "YearReturnList": [
            1.0392460883791201,
            1.359981347459097,
            1.0820125831164211,
            1.0765561492774833,
            0.5041401324488451,
            2.363084457387476
        ],
        "特徵": [
            "市值(百萬元)",
            "M淨值報酬率─稅後",
            "營業利益率OPM",
            "負債/淨值比",
            "M流動比率",
            "M速動比率",
            "M存貨週轉率 (次)",
            "M營業利益成長率",
            "M稅後淨利成長率",
            "Return"
        ],
        "特徵重要程度": [
            0.0,
            5.0,
            7.0,
            9.0,
            10.0,
            11.0,
            12.0,
            14.0,
            15.0,
            16.0
        ],
        "K值": 2
    },
    "SplitBy2004": {
        "accuracy": 0.6022857142857143,
        "YearReturnList": [
            1.3520945842820162,
            1.119428928883259,
            1.126387508366961,
            0.5641211897120321,
            2.3715994777159244
        ],
        "特徵": [
            "收盤價(元)_年",
            "資產報酬率ROA",
            "營業利益率OPM",
            "利潤邊際NPM",
            "負債/淨值比",
            "M流動比率",
            "M速動比率",
            "M應收帳款週轉次",
            "M營業利益成長率",
            "Return"
        ],
        "特徵重要程度": [
            1.0,
            6.0,
            7.0,
            8.0,
            9.0,
            10.0,
            11.0,
            13.0,
            14.0,
            16.0
        ],
        "K值": 2
    },
    "SplitBy2005": {
        "accuracy": 0.6100719424460431,
        "YearReturnList": [
            0.5636452795692214,
            2.712595608060713,
            1.1530125444711288,
            1.1228849414082038
        ],
        "特徵": [
            "市值(百萬元)",
            "收盤價(元)_年",
            "股價營收比",
            "M淨值報酬率─稅後",
            "營業利益率OPM",
            "利潤邊際NPM",
            "負債/淨值比",
            "M流動比率",
            "M存貨週轉率 (次)",
            "Return"
        ],
        "特徵重要程度": [
            0.0,
            1.0,
            4.0,
            5.0,
            7.0,
            8.0,
            9.0,
            10.0,
            12.0,
            16.0
        ],
        "K值": 2
    },
    "SplitBy2006": {
        "accuracy": 0.6098484848484849,
        "YearReturnList": [
            0.5589266996657589,
            2.5769613124804076,
            1.1082984024698954
        ],
        "特徵": [
            "市值(百萬元)",
            "收盤價(元)_年",
            "M淨值報酬率─稅後",
            "利潤邊際NPM",
            "負債/淨值比",
            "M流動比率",
            "M應收帳款週轉次",
            "M營業利益成長率",
            "M稅後淨利成長率",
            "Return"
        ],
        "特徵重要程度": [
            0.0,
            1.0,
            5.0,
            8.0,
            9.0,
            10.0,
            13.0,
            14.0,
            15.0,
            16.0
        ],
        "K值": 2
    },
    "SplitBy2007": {
        "accuracy": 0.5739130434782609,
        "YearReturnList": [
            0.5587950373869331,
            2.3775610376511844
        ],
        "特徵": [
            "市值(百萬元)",
            "收盤價(元)_年",
            "M淨值報酬率─稅後",
            "利潤邊際NPM",
            "負債/淨值比",
            "M存貨週轉率 (次)",
            "M應收帳款週轉次",
            "M營業利益成長率",
            "M稅後淨利成長率",
            "Return"
        ],
        "特徵重要程度": [
            0.0,
            1.0,
            5.0,
            8.0,
            9.0,
            12.0,
            13.0,
            14.0,
            15.0,
            16.0
        ],
        "K值": 10
    },
    "SplitBy2008": {
        "accuracy": 0.6607142857142857,