{
    "SplitBy1998": {
        "accuracy": 0.5982236154649948,
        "YearReturnList": [
            1.2112000603943458,
            0.7505602595864123,
            1.2408272845586603,
            1.129583432292464,
            1.4744947800069308,
            1.2711013090702128,
            1.3131155628109568,
            1.2876545354941131,
            1.1046717641813635,
            0.7356918841769814,
            1.7152264817970424
        ],
        "特徵": [
            "市值(百萬元)",
            "收盤價(元)_年",
            "股價淨值比",
            "股價營收比",
            "利潤邊際NPM",
            "負債/淨值比",
            "M速動比率",
            "M應收帳款週轉次",
            "M營業利益成長率",
            "Return"
        ],
        "特徵重要程度": [
            0.0,
            1.0,
            3.0,
            4.0,
            8.0,
            9.0,
            11.0,
            13.0,
            14.0,
            16.0
        ],
        "K值": 10
    },
    "SplitBy1999": {
        "accuracy": 0.5735546651402404,
        "YearReturnList": [
            0.6537743142392044,
            1.4705535337418458,
            1.1266564014802138,
            1.4219038941873645,
            1.1906896614200664,
            1.3046028886166097,
            1.5013418204065099,
            1.3099545547771516,
            0.5501089458112395,
            2.061695982766226
        ],
        "特徵": [
            "市值(百萬元)",
            "收盤價(元)_年",
            "股價淨值比",
            "股價營收比",
            "營業利益率OPM",
            "M流動比率",
            "M存貨週轉率 (次)",
            "M應收帳款週轉次",
            "M營業利益成長率",
            "M稅後淨利成長率"
        ],
        "特徵重要程度": [
            0.0,
            1.0,
            5.0,
            7.0,
            8.0,
            9.0,
            11.0,
            12.0,
            14.0,
            15.0
        ],
        "K值": 4
    },
    "SplitBy1999": {
        "accuracy": 0.3872255489021956,
        "YearReturnList": [
            0.6460559186972661,
            1.3800007512060604,
            1.0462109514480407,
            1.3775656212426115,
            1.085879697965682,
            1.221498579205799,
            1.3913464293737297,
            1.155684150675978,
            0.5361067972891755,
            2.1482264707912457
        ],
        "特徵": [
            "股價淨值比",
            "股價營收比",
            "M淨值報酬率─稅後",
            "營業利益率OPM",
            "負債/淨值比",
            "M速動比率",
            "M存貨週轉率 (次)",
            "M應收帳款週轉次",
            "M營業利益成長率",
            "Return"
        ],
        "特徵重要程度": [
            3.0,
            4.0,
            7.0,
            10.0,
            12.0,
            13.0,
            14.0,
            15.0
        ],
        "K值": 10
    },
    "SplitBy2000": {
        "accuracy": 0.4838012958963283,
        "YearReturnList": [
            1.4566173723657736,
            1.1059741499577052,
            1.4145586271207116,
            1.081948957727884,
            1.1967409458757654,
            1.4066391550866195,
            1.1767676295948761,
            0.5266712359617798,
            2.1814530727422565
        ],
        "特徵": [
            "市值(百萬元)",
            "收盤價(元)_年",
            "股價營收比",
            "營業利益率OPM",
            "負債/淨值比",
            "M存貨週轉率 (次)",
            "M應收帳款週轉次",
            "M營業利益成長率",
            "Return"
        ],
        "特徵重要程度": [
            0.0,
            1.0,
            4.0,
            7.0,
            9.0,
            12.0,
            13.0,
            14.0,
            16.0
        ],
        "K值": 7
    },
    "SplitBy2001": {
        "accuracy": 0.5727848101265823,
        "YearReturnList": [
            0.8668836980697677,
            1.397809021386103,
            1.0057453295584098,
            1.1915145963762577,
            1.3757590855481137,
            1.1860343700129488,
            0.5083647644697388,
            2.232160921143495
        ],
        "特徵": [
            "市值(百萬元)",
            "股價營收比",
            "營業利益率OPM",
            "負債/淨值比",
            "M流動比率",
            "M速動比率",
            "M存貨週轉率 (次)",
            "M應收帳款週轉次",
            "M營業利益成長率",
            "M稅後淨利成長率"
        ],
        "特徵重要程度": [
            0.0,
            4.0,
            7.0,
            9.0,
            10.0,
            12.0,
            13.0,
            14.0,
            15.0
        ],
        "K值": 8
    },
    "SplitBy2002": {
        "accuracy": 0.6224580017683466,
        "YearReturnList": [],
        "特徵": [
            "市值(百萬元)",
            "收盤價(元)_年",
            "股價淨值比",
            "股價營收比",
            "資產報酬率ROA",
            "負債/淨值比",
            "M流動比率",
            "M存貨週轉率 (次)",
            "M應收帳款週轉次",
            "Return"
        ],
        "特徵重要程度": [
            0.0,
            1.0,
            3.0,
            4.0,
            6.0,
            9.0,
            10.0,
            12.0,
            13.0,
            16.0
        ],
        "K值": 2
    },
    "SplitBy2003": {
        "accuracy": 0.6322778345250255,
        "YearReturnList": [],
        "特徵": [
            "市值(百萬元)",
            "股價淨值比",
            "股價營收比",
            "M淨值報酬率─稅後",
            "營業利益率OPM",
            "負債/淨值比",
            "M存貨週轉率 (次)",
            "M營業利益成長率",
            "Return"
        ],
        "特徵重要程度": [
            0.0,
            3.0,
            4.0,
            5.0,
            7.0,
            9.0,
            12.0,
            13.0,
            14.0,
            16.0
        ],
        "K值": 2
    },
    "SplitBy2004": {
        "accuracy": 0.6114494518879415,
        "YearReturnList": [
            1.282342891371465,
            1.3101956439696825,
            0.911482160719054,
            0.4864106081390114,
            2.836157219971069
        ],
        "特徵": [
            "收盤價(元)_年",
            "股價淨值比",
            "股價營收比",
            "營業利益率OPM",
            "負債/淨值比",
            "M速動比率",
            "M存貨週轉率 (次)",
            "M應收帳款週轉次",
            "M營業利益成長率",
            "Return"
        ],
        "特徵重要程度": [
            1.0,
            3.0,
            4.0,
            7.0,
            9.0,
            11.0,
            12.0,
            13.0,
            14.0,
            16.0
        ],
        "K值": 2
    },
    "SplitBy2005": {
        "accuracy": 0.665648854961832,
        "YearReturnList": [],
        "特徵": [
            "市值(百萬元)",
            "收盤價(元)_年",
            "股價營收比",
            "M淨值報酬率─稅後",
            "營業利益率OPM",
            "利潤邊際NPM",
            "負債/淨值比",
            "M流動比率",
            "M存貨週轉率 (次)",
            "M營業利益成長率",
            "M稅後淨利成長率"
        ],
        "特徵重要程度": [
            0.0,
            1.0,
            4.0,
            5.0,
            7.0,
            8.0,
            9.0,
            10.0,
            12.0,
            14.0,
            15.0
        ],
        "K值": 8
    },
    "SplitBy2006": {
        "accuracy": 0.6586345381526104,
        "YearReturnList": [],
        "特徵": [
            "市值(百萬元)",
            "收盤價(元)_年",
            "M淨值報酬率─稅後",
            "資產報酬率ROA",
            "營業利益率OPM",
            "負債/淨值比",
            "M應收帳款週轉次",
            "M營業利益成長率",
            "M稅後淨利成長率",
            "Return"
        ],
        "特徵重要程度": [
            0.0,
            1.0,
            5.0,
            6.0,
            7.0,
            9.0,
            13.0,
            14.0,
            15.0,
            16.0
        ],
        "K值": 2
    },
    "SplitBy2007": {
        "accuracy": 0.7015384615384616,
        "YearReturnList": [],
        "特徵": [
            "市值(百萬元)",
            "收盤價(元)_年",
            "股價淨值比",
            "股價營收比",
            "營業利益率OPM",
            "利潤邊際NPM",
            "負債/淨值比",
            "M流動比率",
            "M營業利益成長率",
            "M稅後淨利成長率"
        ],
        "特徵重要程度": [
            0.0,
            1.0,
            3.0,
            4.0,
            7.0,
            8.0,
            9.0,
            10.0,
            14.0,
            15.0
        ],
        "K值": 2
    },