{
    "SplitBy1998": {
        "accuracy": 0.3960149439601494,
        "YearReturnList": [
            1.2483593219364602,
            0.6460559186972661,
            1.3800007512060604,
            1.0462109514480407,
            1.3775656212426115,
            1.085879697965682,
            1.221498579205799,
            1.3913464293737297,
            1.155684150675978,
            0.5361067972891755,
            2.1482264707912457
        ],
        "特徵": [
            "市值(百萬元)",
            "收盤價(元)_年",
            "M淨值報酬率─稅後",
            "營業利益率OPM",
            "利潤邊際NPM",
            "負債/淨值比",
            "M速動比率",
            "M存貨週轉率 (次)",
            "M營業利益成長率",
            "M稅後淨利成長率"
        ],
        "特徵重要程度": [
            0.0,
            1.0,
            5.0,
            7.0,
            8.0,
            9.0,
            11.0,
            12.0,
            14.0,
            15.0
        ],
        "K值": 4
    },
    "SplitBy1999": {
        "accuracy": 0.4697272122421823,
        "YearReturnList": [
            0.7183633882383946,
            1.3805638937557894,
            1.0405750936228575,
            1.3095605159487391,
            0.9671029270323581,
            1.1281536893592807,
            1.3539622585295332,
            1.0856132688922158,
            0.6339138325772705,
            2.2887986127106266
        ],
        "特徵": [
            "股價淨值比",
            "股價營收比",
            "M淨值報酬率─稅後",
            "營業利益率OPM",
            "負債/淨值比",
            "M速動比率",
            "M存貨週轉率 (次)",
            "M應收帳款週轉次",
            "M營業利益成長率",
            "Return"
        ],
        "特徵重要程度": [
            3.0,
            4.0,
            5.0,
            7.0,
            9.0,
            11.0,
            12.0,
            13.0,
            14.0,
            16.0
        ],
        "K值": 1
    },
    "SplitBy2000": {
        "accuracy": 0.588495575221239,
        "YearReturnList": [
            1.4165836059027743,
            1.0669546969836696,
            1.2269457129872723,
            0.9086127733104059,
            1.3912379743017314,
            1.2401640446564208,
            1.19624702780211,
            0.5553592719159975,
            2.6383529991853907
        ],
        "特徵": [
            "市值(百萬元)",
            "股價營收比",
            "M淨值報酬率─稅後",
            "營業利益率OPM",
            "M流動比率",
            "M速動比率",
            "M存貨週轉率 (次)",
            "M應收帳款週轉次",
            "M營業利益成長率",
            "Return"
        ],
        "特徵重要程度": [
            0.0,
            4.0,
            5.0,
            7.0,
            10.0,
            11.0,
            12.0,
            13.0,
            14.0,
            16.0
        ],
        "K值": 2
    },
    "SplitBy2001": {
        "accuracy": 0.5825035561877667,
        "YearReturnList": [
            1.0268526357891383,
            1.4240544635811145,
            1.021977320792694,
            1.495328777810122,
            1.4464767617482202,
            1.2009259465834037,
            0.5025228374158598,
            2.888262172071769
        ],
        "特徵": [
            "市值(百萬元)",
            "股價淨值比",
            "股價營收比",
            "M淨值報酬率─稅後",
            "M流動比率",
            "M速動比率",
            "M應收帳款週轉次",
            "M營業利益成長率",
            "M稅後淨利成長率",
            "Return"
        ],
        "特徵重要程度": [
            0.0,
            3.0,
            4.0,
            5.0,
            10.0,
            11.0,
            13.0,
            14.0,
            15.0,
            16.0
        ],
        "K值": 10
    },
    "SplitBy2002": {
        "accuracy": 0.5945072697899838,
        "YearReturnList": [
            1.3587854632516072,
            1.01954822325342,
            1.2699154627774492,
            1.3983915239376987,
            1.0447195156866882,
            0.5175141372206181,
            2.8634235376932633
        ],
        "特徵": [
            "市值(百萬元)",
            "股價營收比",
            "M淨值報酬率─稅後",
            "營業利益率OPM",
            "負債/淨值比",
            "M流動比率",
            "M速動比率",
            "M應收帳款週轉次",
            "M稅後淨利成長率",
            "Return"
        ],
        "特徵重要程度": [
            0.0,
            4.0,
            5.0,
            7.0,
            9.0,
            10.0,
            11.0,
            13.0,
            15.0,
            16.0
        ],
        "K值": 6
    },
    "SplitBy2003": {
        "accuracy": 0.5969725638599811,
        "YearReturnList": [
            1.0251113882374367,
            1.1384019039100421,
            1.2109432604540464,
            1.0828694623360724,
            0.5045285010004698,
            2.290022500140633
        ],
        "特徵": [
            "M淨值報酬率─稅後",
            "營業利益率OPM",
            "負債/淨值比",
            "M流動比率",
            "M速動比率",
            "M存貨週轉率 (次)",
            "M應收帳款週轉次",
            "M營業利益成長率",
            "M稅後淨利成長率",
            "Return"
        ],
        "特徵重要程度": [
            5.0,
            7.0,
            9.0,
            10.0,
            11.0,
            12.0,
            13.0,
            14.0,
            15.0,
            16.0
        ],
        "K值": 4
    },
    "SplitBy2004": {
        "accuracy": 0.584,
        "YearReturnList": [
            1.2298260511445733,
            1.440350150972729,
            1.102945376545785,
            0.4509437587309741,
            2.6005285446623345
        ],
        "特徵": [
            "收盤價(元)_年",
            "股價淨值比",
            "M淨值報酬率─稅後",
            "資產報酬率ROA",
            "營業利益率OPM",
            "利潤邊際NPM",
            "M存貨週轉率 (次)",
            "M應收帳款週轉次",
            "M營業利益成長率",
            "Return"
        ],
        "特徵重要程度": [
            1.0,
            3.0,
            5.0,
            6.0,
            7.0,
            8.0,
            12.0,
            13.0,
            14.0,
            16.0
        ],
        "K值": 8
    },
    "SplitBy2005": {
        "accuracy": 0.6172661870503597,
        "YearReturnList": [
            0.5560360616223133,
            2.227220090717585,
            1.3117300713670836,
            1.137280574423188
        ],
        "特徵": [
            "市值(百萬元)",
            "收盤價(元)_年",
            "股價淨值比",
            "股價營收比",
            "M淨值報酬率─稅後",
            "負債/淨值比",
            "M速動比率",
            "M存貨週轉率 (次)",
            "M應收帳款週轉次",
            "M營業利益成長率"
        ],
        "特徵重要程度": [
            0.0,
            1.0,
            3.0,
            4.0,
            5.0,
            9.0,
            11.0,
            12.0,
            13.0,
            14.0
        ],
        "K值": 2
    },
    "SplitBy2006": {
        "accuracy": 0.5681818181818182,
        "YearReturnList": [
            0.5228790242060121,
            2.2023295828062395,
            1.079547996001109
        ],
        "特徵": [
            "市值(百萬元)",
            "股價淨值比",
            "M淨值報酬率─稅後",
            "營業利益率OPM",
            "M速動比率",
            "M存貨週轉率 (次)",
            "M應收帳款週轉次",
            "M營業利益成長率",
            "M稅後淨利成長率",
            "Return"
        ],
        "特徵重要程度": [
            0.0,
            3.0,
            5.0,
            7.0,
            11.0,
            12.0,
            13.0,
            14.0,
            15.0,
            16.0
        ],
        "K值": 2
    },
    "SplitBy2007": {
        "accuracy": 0.6260869565217392,
        "YearReturnList": [
            0.5424328813787171,
            2.3514923591106425
        ],
        "特徵": [
            "市值(百萬元)",
            "收盤價(元)_年",
            "股價淨值比",
            "股價營收比",
            "營業利益率OPM",
            "利潤邊際NPM",
            "M流動比率",
            "M速動比率",
            "M營業利益成長率",
            "M稅後淨利成長率"
        ],
        "特徵重要程度": [
            0.0,
            1.0,
            3.0,
            4.0,
            7.0,
            8.0,
            10.0,
            11.0,
            14.0,
            15.0
        ],
        "K值": 2
    },
    "SplitBy2008": {
        "accuracy": 0.6428571428571429,